,Time,Number of Users,Image
0,1588527564.7068892,17,"[[[253 240 229]
  [253 240 229]
  [253 240 229]
  ...
  [241 225 215]
  [243 227 217]
  [243 227 217]]

 [[253 240 229]
  [253 240 229]
  [253 240 229]
  ...
  [241 225 215]
  [243 227 217]
  [243 227 217]]

 [[253 240 229]
  [253 240 229]
  [253 240 229]
  ...
  [239 226 215]
  [241 228 217]
  [241 228 217]]

 ...

 [[101 134 131]
  [108 141 138]
  [117 150 147]
  ...
  [109 148 142]
  [113 152 146]
  [102 141 135]]

 [[104 137 134]
  [107 140 137]
  [107 140 137]
  ...
  [102 141 135]
  [107 146 140]
  [107 146 140]]

 [[100 133 130]
  [100 133 130]
  [102 135 132]
  ...
  [103 142 136]
  [111 150 144]
  [103 142 136]]]"
1,1588527565.324747,17,"[[[253 240 229]
  [253 240 229]
  [253 240 229]
  ...
  [241 225 215]
  [243 227 217]
  [243 227 217]]

 [[253 240 229]
  [253 240 229]
  [253 240 229]
  ...
  [241 225 215]
  [243 227 217]
  [243 227 217]]

 [[253 240 229]
  [253 240 229]
  [253 240 229]
  ...
  [239 226 215]
  [241 228 217]
  [241 228 217]]

 ...

 [[101 134 131]
  [108 141 138]
  [117 150 147]
  ...
  [109 148 142]
  [113 152 146]
  [102 141 135]]

 [[104 137 134]
  [107 140 137]
  [107 140 137]
  ...
  [102 141 135]
  [107 146 140]
  [107 146 140]]

 [[100 133 130]
  [100 133 130]
  [102 135 132]
  ...
  [103 142 136]
  [111 150 144]
  [103 142 136]]]"
2,1588527565.3257434,17,"[[[253 240 229]
  [253 240 229]
  [253 240 229]
  ...
  [241 225 215]
  [243 227 217]
  [243 227 217]]

 [[253 240 229]
  [253 240 229]
  [253 240 229]
  ...
  [241 225 215]
  [243 227 217]
  [243 227 217]]

 [[253 240 229]
  [253 240 229]
  [253 240 229]
  ...
  [239 226 215]
  [241 228 217]
  [241 228 217]]

 ...

 [[101 134 131]
  [108 141 138]
  [117 150 147]
  ...
  [109 148 142]
  [113 152 146]
  [102 141 135]]

 [[104 137 134]
  [107 140 137]
  [107 140 137]
  ...
  [102 141 135]
  [107 146 140]
  [107 146 140]]

 [[100 133 130]
  [100 133 130]
  [102 135 132]
  ...
  [103 142 136]
  [111 150 144]
  [103 142 136]]]"
3,1588527565.3257434,17,"[[[253 240 229]
  [253 240 229]
  [253 240 229]
  ...
  [241 225 215]
  [243 227 217]
  [243 227 217]]

 [[253 240 229]
  [253 240 229]
  [253 240 229]
  ...
  [241 225 215]
  [243 227 217]
  [243 227 217]]

 [[253 240 229]
  [253 240 229]
  [253 240 229]
  ...
  [239 226 215]
  [241 228 217]
  [241 228 217]]

 ...

 [[101 134 131]
  [108 141 138]
  [117 150 147]
  ...
  [109 148 142]
  [113 152 146]
  [102 141 135]]

 [[104 137 134]
  [107 140 137]
  [107 140 137]
  ...
  [102 141 135]
  [107 146 140]
  [107 146 140]]

 [[100 133 130]
  [100 133 130]
  [102 135 132]
  ...
  [103 142 136]
  [111 150 144]
  [103 142 136]]]"
4,1588527565.3257434,17,"[[[253 240 229]
  [253 240 229]
  [253 240 229]
  ...
  [241 225 215]
  [243 227 217]
  [243 227 217]]

 [[253 240 229]
  [253 240 229]
  [253 240 229]
  ...
  [241 225 215]
  [243 227 217]
  [243 227 217]]

 [[253 240 229]
  [253 240 229]
  [253 240 229]
  ...
  [239 226 215]
  [241 228 217]
  [241 228 217]]

 ...

 [[101 134 131]
  [108 141 138]
  [117 150 147]
  ...
  [109 148 142]
  [113 152 146]
  [102 141 135]]

 [[104 137 134]
  [107 140 137]
  [107 140 137]
  ...
  [102 141 135]
  [107 146 140]
  [107 146 140]]

 [[100 133 130]
  [100 133 130]
  [102 135 132]
  ...
  [103 142 136]
  [111 150 144]
  [103 142 136]]]"
5,1588527565.3257434,17,"[[[253 240 229]
  [253 240 229]
  [253 240 229]
  ...
  [241 225 215]
  [243 227 217]
  [243 227 217]]

 [[253 240 229]
  [253 240 229]
  [253 240 229]
  ...
  [241 225 215]
  [243 227 217]
  [243 227 217]]

 [[253 240 229]
  [253 240 229]
  [253 240 229]
  ...
  [239 226 215]
  [241 228 217]
  [241 228 217]]

 ...

 [[101 134 131]
  [108 141 138]
  [117 150 147]
  ...
  [109 148 142]
  [113 152 146]
  [102 141 135]]

 [[104 137 134]
  [107 140 137]
  [107 140 137]
  ...
  [102 141 135]
  [107 146 140]
  [107 146 140]]

 [[100 133 130]
  [100 133 130]
  [102 135 132]
  ...
  [103 142 136]
  [111 150 144]
  [103 142 136]]]"
6,1588527565.3267398,17,"[[[253 240 229]
  [253 240 229]
  [253 240 229]
  ...
  [241 225 215]
  [243 227 217]
  [243 227 217]]

 [[253 240 229]
  [253 240 229]
  [253 240 229]
  ...
  [241 225 215]
  [243 227 217]
  [243 227 217]]

 [[253 240 229]
  [253 240 229]
  [253 240 229]
  ...
  [239 226 215]
  [241 228 217]
  [241 228 217]]

 ...

 [[101 134 131]
  [108 141 138]
  [117 150 147]
  ...
  [109 148 142]
  [113 152 146]
  [102 141 135]]

 [[104 137 134]
  [107 140 137]
  [107 140 137]
  ...
  [102 141 135]
  [107 146 140]
  [107 146 140]]

 [[100 133 130]
  [100 133 130]
  [102 135 132]
  ...
  [103 142 136]
  [111 150 144]
  [103 142 136]]]"
7,1588527565.3267398,17,"[[[253 240 229]
  [253 240 229]
  [253 240 229]
  ...
  [241 225 215]
  [243 227 217]
  [243 227 217]]

 [[253 240 229]
  [253 240 229]
  [253 240 229]
  ...
  [241 225 215]
  [243 227 217]
  [243 227 217]]

 [[253 240 229]
  [253 240 229]
  [253 240 229]
  ...
  [239 226 215]
  [241 228 217]
  [241 228 217]]

 ...

 [[101 134 131]
  [108 141 138]
  [117 150 147]
  ...
  [109 148 142]
  [113 152 146]
  [102 141 135]]

 [[104 137 134]
  [107 140 137]
  [107 140 137]
  ...
  [102 141 135]
  [107 146 140]
  [107 146 140]]

 [[100 133 130]
  [100 133 130]
  [102 135 132]
  ...
  [103 142 136]
  [111 150 144]
  [103 142 136]]]"
8,1588527565.3267398,17,"[[[253 240 229]
  [253 240 229]
  [253 240 229]
  ...
  [241 225 215]
  [243 227 217]
  [243 227 217]]

 [[253 240 229]
  [253 240 229]
  [253 240 229]
  ...
  [241 225 215]
  [243 227 217]
  [243 227 217]]

 [[253 240 229]
  [253 240 229]
  [253 240 229]
  ...
  [239 226 215]
  [241 228 217]
  [241 228 217]]

 ...

 [[101 134 131]
  [108 141 138]
  [117 150 147]
  ...
  [109 148 142]
  [113 152 146]
  [102 141 135]]

 [[104 137 134]
  [107 140 137]
  [107 140 137]
  ...
  [102 141 135]
  [107 146 140]
  [107 146 140]]

 [[100 133 130]
  [100 133 130]
  [102 135 132]
  ...
  [103 142 136]
  [111 150 144]
  [103 142 136]]]"
9,1588527565.3267398,17,"[[[253 240 229]
  [253 240 229]
  [253 240 229]
  ...
  [241 225 215]
  [243 227 217]
  [243 227 217]]

 [[253 240 229]
  [253 240 229]
  [253 240 229]
  ...
  [241 225 215]
  [243 227 217]
  [243 227 217]]

 [[253 240 229]
  [253 240 229]
  [253 240 229]
  ...
  [239 226 215]
  [241 228 217]
  [241 228 217]]

 ...

 [[101 134 131]
  [108 141 138]
  [117 150 147]
  ...
  [109 148 142]
  [113 152 146]
  [102 141 135]]

 [[104 137 134]
  [107 140 137]
  [107 140 137]
  ...
  [102 141 135]
  [107 146 140]
  [107 146 140]]

 [[100 133 130]
  [100 133 130]
  [102 135 132]
  ...
  [103 142 136]
  [111 150 144]
  [103 142 136]]]"
10,1588527565.3267398,17,"[[[253 240 229]
  [253 240 229]
  [253 240 229]
  ...
  [241 225 215]
  [243 227 217]
  [243 227 217]]

 [[253 240 229]
  [253 240 229]
  [253 240 229]
  ...
  [241 225 215]
  [243 227 217]
  [243 227 217]]

 [[253 240 229]
  [253 240 229]
  [253 240 229]
  ...
  [239 226 215]
  [241 228 217]
  [241 228 217]]

 ...

 [[101 134 131]
  [108 141 138]
  [117 150 147]
  ...
  [109 148 142]
  [113 152 146]
  [102 141 135]]

 [[104 137 134]
  [107 140 137]
  [107 140 137]
  ...
  [102 141 135]
  [107 146 140]
  [107 146 140]]

 [[100 133 130]
  [100 133 130]
  [102 135 132]
  ...
  [103 142 136]
  [111 150 144]
  [103 142 136]]]"
11,1588527565.3267398,17,"[[[253 240 229]
  [253 240 229]
  [253 240 229]
  ...
  [241 225 215]
  [243 227 217]
  [243 227 217]]

 [[253 240 229]
  [253 240 229]
  [253 240 229]
  ...
  [241 225 215]
  [243 227 217]
  [243 227 217]]

 [[253 240 229]
  [253 240 229]
  [253 240 229]
  ...
  [239 226 215]
  [241 228 217]
  [241 228 217]]

 ...

 [[101 134 131]
  [108 141 138]
  [117 150 147]
  ...
  [109 148 142]
  [113 152 146]
  [102 141 135]]

 [[104 137 134]
  [107 140 137]
  [107 140 137]
  ...
  [102 141 135]
  [107 146 140]
  [107 146 140]]

 [[100 133 130]
  [100 133 130]
  [102 135 132]
  ...
  [103 142 136]
  [111 150 144]
  [103 142 136]]]"
12,1588527565.3267398,17,"[[[253 240 229]
  [253 240 229]
  [253 240 229]
  ...
  [241 225 215]
  [243 227 217]
  [243 227 217]]

 [[253 240 229]
  [253 240 229]
  [253 240 229]
  ...
  [241 225 215]
  [243 227 217]
  [243 227 217]]

 [[253 240 229]
  [253 240 229]
  [253 240 229]
  ...
  [239 226 215]
  [241 228 217]
  [241 228 217]]

 ...

 [[101 134 131]
  [108 141 138]
  [117 150 147]
  ...
  [109 148 142]
  [113 152 146]
  [102 141 135]]

 [[104 137 134]
  [107 140 137]
  [107 140 137]
  ...
  [102 141 135]
  [107 146 140]
  [107 146 140]]

 [[100 133 130]
  [100 133 130]
  [102 135 132]
  ...
  [103 142 136]
  [111 150 144]
  [103 142 136]]]"
13,1588527565.3277361,17,"[[[253 240 229]
  [253 240 229]
  [253 240 229]
  ...
  [241 225 215]
  [243 227 217]
  [243 227 217]]

 [[253 240 229]
  [253 240 229]
  [253 240 229]
  ...
  [241 225 215]
  [243 227 217]
  [243 227 217]]

 [[253 240 229]
  [253 240 229]
  [253 240 229]
  ...
  [239 226 215]
  [241 228 217]
  [241 228 217]]

 ...

 [[101 134 131]
  [108 141 138]
  [117 150 147]
  ...
  [109 148 142]
  [113 152 146]
  [102 141 135]]

 [[104 137 134]
  [107 140 137]
  [107 140 137]
  ...
  [102 141 135]
  [107 146 140]
  [107 146 140]]

 [[100 133 130]
  [100 133 130]
  [102 135 132]
  ...
  [103 142 136]
  [111 150 144]
  [103 142 136]]]"
14,1588527565.3277361,17,"[[[253 240 229]
  [253 240 229]
  [253 240 229]
  ...
  [241 225 215]
  [243 227 217]
  [243 227 217]]

 [[253 240 229]
  [253 240 229]
  [253 240 229]
  ...
  [241 225 215]
  [243 227 217]
  [243 227 217]]

 [[253 240 229]
  [253 240 229]
  [253 240 229]
  ...
  [239 226 215]
  [241 228 217]
  [241 228 217]]

 ...

 [[101 134 131]
  [108 141 138]
  [117 150 147]
  ...
  [109 148 142]
  [113 152 146]
  [102 141 135]]

 [[104 137 134]
  [107 140 137]
  [107 140 137]
  ...
  [102 141 135]
  [107 146 140]
  [107 146 140]]

 [[100 133 130]
  [100 133 130]
  [102 135 132]
  ...
  [103 142 136]
  [111 150 144]
  [103 142 136]]]"
15,1588527565.3287346,17,"[[[253 240 229]
  [253 240 229]
  [253 240 229]
  ...
  [241 225 215]
  [243 227 217]
  [243 227 217]]

 [[253 240 229]
  [253 240 229]
  [253 240 229]
  ...
  [241 225 215]
  [243 227 217]
  [243 227 217]]

 [[253 240 229]
  [253 240 229]
  [253 240 229]
  ...
  [239 226 215]
  [241 228 217]
  [241 228 217]]

 ...

 [[101 134 131]
  [108 141 138]
  [117 150 147]
  ...
  [109 148 142]
  [113 152 146]
  [102 141 135]]

 [[104 137 134]
  [107 140 137]
  [107 140 137]
  ...
  [102 141 135]
  [107 146 140]
  [107 146 140]]

 [[100 133 130]
  [100 133 130]
  [102 135 132]
  ...
  [103 142 136]
  [111 150 144]
  [103 142 136]]]"
16,1588527568.1422122,17,"[[[253 240 229]
  [253 240 229]
  [253 240 229]
  ...
  [241 225 215]
  [243 227 217]
  [243 227 217]]

 [[253 240 229]
  [253 240 229]
  [253 240 229]
  ...
  [241 225 215]
  [243 227 217]
  [243 227 217]]

 [[253 240 229]
  [253 240 229]
  [253 240 229]
  ...
  [239 226 215]
  [241 228 217]
  [241 228 217]]

 ...

 [[101 134 131]
  [109 142 139]
  [118 151 148]
  ...
  [109 148 142]
  [113 152 146]
  [102 141 135]]

 [[106 139 136]
  [108 141 138]
  [108 141 138]
  ...
  [102 141 135]
  [107 146 140]
  [107 146 140]]

 [[100 133 130]
  [100 133 130]
  [102 135 132]
  ...
  [103 142 136]
  [111 150 144]
  [103 142 136]]]"
17,1588527568.1432147,17,"[[[253 240 229]
  [253 240 229]
  [253 240 229]
  ...
  [241 225 215]
  [243 227 217]
  [243 227 217]]

 [[253 240 229]
  [253 240 229]
  [253 240 229]
  ...
  [241 225 215]
  [243 227 217]
  [243 227 217]]

 [[253 240 229]
  [253 240 229]
  [253 240 229]
  ...
  [239 226 215]
  [241 228 217]
  [241 228 217]]

 ...

 [[101 134 131]
  [109 142 139]
  [118 151 148]
  ...
  [109 148 142]
  [113 152 146]
  [102 141 135]]

 [[106 139 136]
  [108 141 138]
  [108 141 138]
  ...
  [102 141 135]
  [107 146 140]
  [107 146 140]]

 [[100 133 130]
  [100 133 130]
  [102 135 132]
  ...
  [103 142 136]
  [111 150 144]
  [103 142 136]]]"
18,1588527568.1432147,17,"[[[253 240 229]
  [253 240 229]
  [253 240 229]
  ...
  [241 225 215]
  [243 227 217]
  [243 227 217]]

 [[253 240 229]
  [253 240 229]
  [253 240 229]
  ...
  [241 225 215]
  [243 227 217]
  [243 227 217]]

 [[253 240 229]
  [253 240 229]
  [253 240 229]
  ...
  [239 226 215]
  [241 228 217]
  [241 228 217]]

 ...

 [[101 134 131]
  [109 142 139]
  [118 151 148]
  ...
  [109 148 142]
  [113 152 146]
  [102 141 135]]

 [[106 139 136]
  [108 141 138]
  [108 141 138]
  ...
  [102 141 135]
  [107 146 140]
  [107 146 140]]

 [[100 133 130]
  [100 133 130]
  [102 135 132]
  ...
  [103 142 136]
  [111 150 144]
  [103 142 136]]]"
19,1588527568.144211,17,"[[[253 240 229]
  [253 240 229]
  [253 240 229]
  ...
  [241 225 215]
  [243 227 217]
  [243 227 217]]

 [[253 240 229]
  [253 240 229]
  [253 240 229]
  ...
  [241 225 215]
  [243 227 217]
  [243 227 217]]

 [[253 240 229]
  [253 240 229]
  [253 240 229]
  ...
  [239 226 215]
  [241 228 217]
  [241 228 217]]

 ...

 [[101 134 131]
  [109 142 139]
  [118 151 148]
  ...
  [109 148 142]
  [113 152 146]
  [102 141 135]]

 [[106 139 136]
  [108 141 138]
  [108 141 138]
  ...
  [102 141 135]
  [107 146 140]
  [107 146 140]]

 [[100 133 130]
  [100 133 130]
  [102 135 132]
  ...
  [103 142 136]
  [111 150 144]
  [103 142 136]]]"
20,1588527568.144211,17,"[[[253 240 229]
  [253 240 229]
  [253 240 229]
  ...
  [241 225 215]
  [243 227 217]
  [243 227 217]]

 [[253 240 229]
  [253 240 229]
  [253 240 229]
  ...
  [241 225 215]
  [243 227 217]
  [243 227 217]]

 [[253 240 229]
  [253 240 229]
  [253 240 229]
  ...
  [239 226 215]
  [241 228 217]
  [241 228 217]]

 ...

 [[101 134 131]
  [109 142 139]
  [118 151 148]
  ...
  [109 148 142]
  [113 152 146]
  [102 141 135]]

 [[106 139 136]
  [108 141 138]
  [108 141 138]
  ...
  [102 141 135]
  [107 146 140]
  [107 146 140]]

 [[100 133 130]
  [100 133 130]
  [102 135 132]
  ...
  [103 142 136]
  [111 150 144]
  [103 142 136]]]"
21,1588527568.144211,17,"[[[253 240 229]
  [253 240 229]
  [253 240 229]
  ...
  [241 225 215]
  [243 227 217]
  [243 227 217]]

 [[253 240 229]
  [253 240 229]
  [253 240 229]
  ...
  [241 225 215]
  [243 227 217]
  [243 227 217]]

 [[253 240 229]
  [253 240 229]
  [253 240 229]
  ...
  [239 226 215]
  [241 228 217]
  [241 228 217]]

 ...

 [[101 134 131]
  [109 142 139]
  [118 151 148]
  ...
  [109 148 142]
  [113 152 146]
  [102 141 135]]

 [[106 139 136]
  [108 141 138]
  [108 141 138]
  ...
  [102 141 135]
  [107 146 140]
  [107 146 140]]

 [[100 133 130]
  [100 133 130]
  [102 135 132]
  ...
  [103 142 136]
  [111 150 144]
  [103 142 136]]]"
22,1588527568.144211,17,"[[[253 240 229]
  [253 240 229]
  [253 240 229]
  ...
  [241 225 215]
  [243 227 217]
  [243 227 217]]

 [[253 240 229]
  [253 240 229]
  [253 240 229]
  ...
  [241 225 215]
  [243 227 217]
  [243 227 217]]

 [[253 240 229]
  [253 240 229]
  [253 240 229]
  ...
  [239 226 215]
  [241 228 217]
  [241 228 217]]

 ...

 [[101 134 131]
  [109 142 139]
  [118 151 148]
  ...
  [109 148 142]
  [113 152 146]
  [102 141 135]]

 [[106 139 136]
  [108 141 138]
  [108 141 138]
  ...
  [102 141 135]
  [107 146 140]
  [107 146 140]]

 [[100 133 130]
  [100 133 130]
  [102 135 132]
  ...
  [103 142 136]
  [111 150 144]
  [103 142 136]]]"
23,1588527568.1452045,17,"[[[253 240 229]
  [253 240 229]
  [253 240 229]
  ...
  [241 225 215]
  [243 227 217]
  [243 227 217]]

 [[253 240 229]
  [253 240 229]
  [253 240 229]
  ...
  [241 225 215]
  [243 227 217]
  [243 227 217]]

 [[253 240 229]
  [253 240 229]
  [253 240 229]
  ...
  [239 226 215]
  [241 228 217]
  [241 228 217]]

 ...

 [[101 134 131]
  [109 142 139]
  [118 151 148]
  ...
  [109 148 142]
  [113 152 146]
  [102 141 135]]

 [[106 139 136]
  [108 141 138]
  [108 141 138]
  ...
  [102 141 135]
  [107 146 140]
  [107 146 140]]

 [[100 133 130]
  [100 133 130]
  [102 135 132]
  ...
  [103 142 136]
  [111 150 144]
  [103 142 136]]]"
24,1588527568.1452045,17,"[[[253 240 229]
  [253 240 229]
  [253 240 229]
  ...
  [241 225 215]
  [243 227 217]
  [243 227 217]]

 [[253 240 229]
  [253 240 229]
  [253 240 229]
  ...
  [241 225 215]
  [243 227 217]
  [243 227 217]]

 [[253 240 229]
  [253 240 229]
  [253 240 229]
  ...
  [239 226 215]
  [241 228 217]
  [241 228 217]]

 ...

 [[101 134 131]
  [109 142 139]
  [118 151 148]
  ...
  [109 148 142]
  [113 152 146]
  [102 141 135]]

 [[106 139 136]
  [108 141 138]
  [108 141 138]
  ...
  [102 141 135]
  [107 146 140]
  [107 146 140]]

 [[100 133 130]
  [100 133 130]
  [102 135 132]
  ...
  [103 142 136]
  [111 150 144]
  [103 142 136]]]"
25,1588527568.1462016,17,"[[[253 240 229]
  [253 240 229]
  [253 240 229]
  ...
  [241 225 215]
  [243 227 217]
  [243 227 217]]

 [[253 240 229]
  [253 240 229]
  [253 240 229]
  ...
  [241 225 215]
  [243 227 217]
  [243 227 217]]

 [[253 240 229]
  [253 240 229]
  [253 240 229]
  ...
  [239 226 215]
  [241 228 217]
  [241 228 217]]

 ...

 [[101 134 131]
  [109 142 139]
  [118 151 148]
  ...
  [109 148 142]
  [113 152 146]
  [102 141 135]]

 [[106 139 136]
  [108 141 138]
  [108 141 138]
  ...
  [102 141 135]
  [107 146 140]
  [107 146 140]]

 [[100 133 130]
  [100 133 130]
  [102 135 132]
  ...
  [103 142 136]
  [111 150 144]
  [103 142 136]]]"
26,1588527568.1462016,17,"[[[253 240 229]
  [253 240 229]
  [253 240 229]
  ...
  [241 225 215]
  [243 227 217]
  [243 227 217]]

 [[253 240 229]
  [253 240 229]
  [253 240 229]
  ...
  [241 225 215]
  [243 227 217]
  [243 227 217]]

 [[253 240 229]
  [253 240 229]
  [253 240 229]
  ...
  [239 226 215]
  [241 228 217]
  [241 228 217]]

 ...

 [[101 134 131]
  [109 142 139]
  [118 151 148]
  ...
  [109 148 142]
  [113 152 146]
  [102 141 135]]

 [[106 139 136]
  [108 141 138]
  [108 141 138]
  ...
  [102 141 135]
  [107 146 140]
  [107 146 140]]

 [[100 133 130]
  [100 133 130]
  [102 135 132]
  ...
  [103 142 136]
  [111 150 144]
  [103 142 136]]]"
27,1588527568.1471987,17,"[[[253 240 229]
  [253 240 229]
  [253 240 229]
  ...
  [241 225 215]
  [243 227 217]
  [243 227 217]]

 [[253 240 229]
  [253 240 229]
  [253 240 229]
  ...
  [241 225 215]
  [243 227 217]
  [243 227 217]]

 [[253 240 229]
  [253 240 229]
  [253 240 229]
  ...
  [239 226 215]
  [241 228 217]
  [241 228 217]]

 ...

 [[101 134 131]
  [109 142 139]
  [118 151 148]
  ...
  [109 148 142]
  [113 152 146]
  [102 141 135]]

 [[106 139 136]
  [108 141 138]
  [108 141 138]
  ...
  [102 141 135]
  [107 146 140]
  [107 146 140]]

 [[100 133 130]
  [100 133 130]
  [102 135 132]
  ...
  [103 142 136]
  [111 150 144]
  [103 142 136]]]"
28,1588527568.1471987,17,"[[[253 240 229]
  [253 240 229]
  [253 240 229]
  ...
  [241 225 215]
  [243 227 217]
  [243 227 217]]

 [[253 240 229]
  [253 240 229]
  [253 240 229]
  ...
  [241 225 215]
  [243 227 217]
  [243 227 217]]

 [[253 240 229]
  [253 240 229]
  [253 240 229]
  ...
  [239 226 215]
  [241 228 217]
  [241 228 217]]

 ...

 [[101 134 131]
  [109 142 139]
  [118 151 148]
  ...
  [109 148 142]
  [113 152 146]
  [102 141 135]]

 [[106 139 136]
  [108 141 138]
  [108 141 138]
  ...
  [102 141 135]
  [107 146 140]
  [107 146 140]]

 [[100 133 130]
  [100 133 130]
  [102 135 132]
  ...
  [103 142 136]
  [111 150 144]
  [103 142 136]]]"
29,1588527568.1471987,17,"[[[253 240 229]
  [253 240 229]
  [253 240 229]
  ...
  [241 225 215]
  [243 227 217]
  [243 227 217]]

 [[253 240 229]
  [253 240 229]
  [253 240 229]
  ...
  [241 225 215]
  [243 227 217]
  [243 227 217]]

 [[253 240 229]
  [253 240 229]
  [253 240 229]
  ...
  [239 226 215]
  [241 228 217]
  [241 228 217]]

 ...

 [[101 134 131]
  [109 142 139]
  [118 151 148]
  ...
  [109 148 142]
  [113 152 146]
  [102 141 135]]

 [[106 139 136]
  [108 141 138]
  [108 141 138]
  ...
  [102 141 135]
  [107 146 140]
  [107 146 140]]

 [[100 133 130]
  [100 133 130]
  [102 135 132]
  ...
  [103 142 136]
  [111 150 144]
  [103 142 136]]]"
30,1588527568.148197,17,"[[[253 240 229]
  [253 240 229]
  [253 240 229]
  ...
  [241 225 215]
  [243 227 217]
  [243 227 217]]

 [[253 240 229]
  [253 240 229]
  [253 240 229]
  ...
  [241 225 215]
  [243 227 217]
  [243 227 217]]

 [[253 240 229]
  [253 240 229]
  [253 240 229]
  ...
  [239 226 215]
  [241 228 217]
  [241 228 217]]

 ...

 [[101 134 131]
  [109 142 139]
  [118 151 148]
  ...
  [109 148 142]
  [113 152 146]
  [102 141 135]]

 [[106 139 136]
  [108 141 138]
  [108 141 138]
  ...
  [102 141 135]
  [107 146 140]
  [107 146 140]]

 [[100 133 130]
  [100 133 130]
  [102 135 132]
  ...
  [103 142 136]
  [111 150 144]
  [103 142 136]]]"
31,1588527568.148197,17,"[[[253 240 229]
  [253 240 229]
  [253 240 229]
  ...
  [241 225 215]
  [243 227 217]
  [243 227 217]]

 [[253 240 229]
  [253 240 229]
  [253 240 229]
  ...
  [241 225 215]
  [243 227 217]
  [243 227 217]]

 [[253 240 229]
  [253 240 229]
  [253 240 229]
  ...
  [239 226 215]
  [241 228 217]
  [241 228 217]]

 ...

 [[101 134 131]
  [109 142 139]
  [118 151 148]
  ...
  [109 148 142]
  [113 152 146]
  [102 141 135]]

 [[106 139 136]
  [108 141 138]
  [108 141 138]
  ...
  [102 141 135]
  [107 146 140]
  [107 146 140]]

 [[100 133 130]
  [100 133 130]
  [102 135 132]
  ...
  [103 142 136]
  [111 150 144]
  [103 142 136]]]"
32,1588527568.1491938,17,"[[[253 240 229]
  [253 240 229]
  [253 240 229]
  ...
  [241 225 215]
  [243 227 217]
  [243 227 217]]

 [[253 240 229]
  [253 240 229]
  [253 240 229]
  ...
  [241 225 215]
  [243 227 217]
  [243 227 217]]

 [[253 240 229]
  [253 240 229]
  [253 240 229]
  ...
  [239 226 215]
  [241 228 217]
  [241 228 217]]

 ...

 [[101 134 131]
  [109 142 139]
  [118 151 148]
  ...
  [109 148 142]
  [113 152 146]
  [102 141 135]]

 [[106 139 136]
  [108 141 138]
  [108 141 138]
  ...
  [102 141 135]
  [107 146 140]
  [107 146 140]]

 [[100 133 130]
  [100 133 130]
  [102 135 132]
  ...
  [103 142 136]
  [111 150 144]
  [103 142 136]]]"
33,1588527571.9212468,18,"[[[253 240 229]
  [253 240 229]
  [253 240 229]
  ...
  [241 225 215]
  [243 227 217]
  [243 227 217]]

 [[253 240 229]
  [253 240 229]
  [253 240 229]
  ...
  [241 225 215]
  [243 227 217]
  [243 227 217]]

 [[253 240 229]
  [253 240 229]
  [253 240 229]
  ...
  [241 225 215]
  [243 227 217]
  [243 227 217]]

 ...

 [[101 134 131]
  [109 142 139]
  [118 151 148]
  ...
  [111 150 144]
  [112 151 145]
  [102 141 135]]

 [[106 139 136]
  [108 141 138]
  [108 141 138]
  ...
  [103 142 136]
  [109 148 142]
  [107 146 140]]

 [[100 133 130]
  [100 133 130]
  [102 135 132]
  ...
  [104 143 137]
  [111 150 144]
  [103 142 136]]]"
